gameId,year,round,date,venue,startTime,attendance,homeTeam,homeTeamScore,awayTeam,awayTeamScore,rainfall,homeWin,homeTeamLastWin,awayTeamLastWin,awayTravel,homeTravel,homeTeamChanges,awayTeamChanges,homeGameDifference,awayGameDifference,homeTeamImportanceDifference,awayTeamImportanceDifference,homeTeamImportanceLastGame,awayTeamImportanceLastGame,homeTeamImportanceLastFiveGames,awayTeamImportanceLastFiveGames,homeTeamImportanceSeasonAverage,awayTeamImportanceSeasonAverage,homeLadderPosition,awayLadderPosition
2014R101,2014,1,14/03/2014,Docklands,7:50 PM,37571,Collingwood,46,Fremantle,116,0,0,FALSE,FALSE,4,0,0,0,0,0,0,0,0,0,0,0,0,0,6,3
2014R102,2014,1,15/03/2014,Sydney Showground,4:40 PM,17102,Greater Western Sydney,99,Sydney,67,0,2,FALSE,FALSE,0,0,0,0,0,0,0,0,0,0,0,0,0,0,18,4
2014R103,2014,1,15/03/2014,Carrara,6:55 PM,19425,Gold Coast,87,Richmond,69,0.4,2,TRUE,FALSE,3,0,0,0,0,0,0,0,0,0,0,0,0,0,14,5
2014R104,2014,1,16/03/2014,Docklands,7:40 PM,24640,Carlton,87,Port Adelaide,120,7.2,0,FALSE,FALSE,2,0,0,0,0,0,0,0,0,0,0,0,0,0,8,7
2014R105,2014,1,20/03/2014,Kardinia Park,7:10 PM,23622,Geelong,119,Adelaide,81,0,2,FALSE,TRUE,2,0,0,0,0,0,0,0,0,0,0,0,0,0,2,11
2014R106,2014,1,21/03/2014,Docklands,7:50 PM,42332,North Melbourne,60,Essendon,99,0,0,TRUE,FALSE,0,0,0,0,0,0,0,0,0,0,0,0,0,0,10,9
2014R107,2014,1,22/03/2014,York Park,4:40 PM,12430,Hawthorn,139,Brisbane Lions,91,27.2,2,TRUE,FALSE,0,4,0,0,0,0,0,0,0,0,0,0,0,0,1,12
2014R108,2014,1,22/03/2014,Docklands,7:40 PM,31657,St Kilda,68,Melbourne,51,3.8,2,TRUE,FALSE,0,0,0,0,0,0,0,0,0,0,0,0,0,0,16,17
2014R109,2014,1,23/03/2014,Subiaco,4:40 PM,36752,West Coast,134,Western Bulldogs,69,0,2,FALSE,TRUE,3,0,0,0,0,0,0,0,0,0,0,0,0,0,13,15
2014R201,2014,2,27/03/2014,M.C.G.,7:45 PM,62037,Richmond,98,Carlton,86,5.2,2,FALSE,FALSE,0,0,2,4,-41,230,-22.30555556,-37.50277778,70.54545455,60.25,70.98181818,67.48977273,71.37021104,66.45298685,5,8
2014R202,2014,2,28/03/2014,Docklands,7:50 PM,44163,Essendon,86,Hawthorn,90,8.2,0,TRUE,TRUE,0,0,0,2,0,124,0,-58.97222222,67.63636364,77.25,76.3,73.92045455,78.66722583,75.4521809,9,1
2014R203,2014,2,29/03/2014,Docklands,1:40 PM,19640,St Kilda,95,Greater Western Sydney,88,0,2,TRUE,TRUE,2,0,2,3,-478,140,-89.65625,-47.07361111,67.31818182,70.34090909,68.99015152,68.8594697,68.0969246,70.50792011,16,18
2014R204,2014,2,29/03/2014,Adelaide Oval,4:15 PM,50397,Port Adelaide,127,Adelaide,73,0,2,TRUE,FALSE,0,0,1,2,-133,-299,-52.21428571,-77.425,69.27272727,64.81818182,72.40454545,70.79545455,76.44573987,70.47541322,7,11
2014R205,2014,2,29/03/2014,Subiaco,4:40 PM,35583,Fremantle,87,Gold Coast,39,0,2,TRUE,TRUE,0,0,1,2,-61,47,-77.83333333,-58.03125,67.5,63.36363636,75.07840909,67.92954545,75.82411616,68.79923914,3,14
2014R206,2014,2,29/03/2014,Stadium Australia,7:40 PM,32347,Sydney,69,Collingwood,89,4.2,0,FALSE,FALSE,2,0,2,3,59,-82,-78.96527778,-68.11944444,83.40909091,74.81818182,80.08068182,69.99318182,78.23722042,71.81063394,4,6
2014R207,2014,2,30/03/2014,Gabba,12:10 PM,20933,Brisbane Lions,68,Geelong,93,0.8,0,FALSE,TRUE,3,0,2,1,60,149,-35.21875,-61.22222222,65.36363636,73.45454545,69.27045455,79.25454545,66.2469697,78.0745589,12,2
2014R208,2014,2,30/03/2014,M.C.G.,3:20 PM,22230,Melbourne,30,West Coast,123,1,0,FALSE,TRUE,4,0,0,1,0,-45,0,-63.14285714,71.79545455,71.15909091,70.02727273,72.55568182,71.89806097,74.77139578,17,13
2014R209,2014,2,30/03/2014,Docklands,4:40 PM,28512,Western Bulldogs,54,North Melbourne,83,1,0,FALSE,FALSE,0,0,3,2,-187,134,-48.65972222,-54.55,58.84090909,64.11363636,68.31325758,68.24431818,69.5251156,68.61665519,15,10
2014R301,2014,3,4/04/2014,M.C.G.,7:50 PM,43583,Hawthorn,137,Fremantle,79,0,2,TRUE,TRUE,4,0,3,3,38,113,-4.227651515,18.44616402,87.36363636,70.02272727,77.35909091,70.12840909,76.69427391,72.88929133,1,3
2014R302,2014,3,5/04/2014,Docklands,1:45 PM,31724,Western Bulldogs,100,Richmond,98,0,2,FALSE,TRUE,0,0,1,3,-47,235,9.886363636,40.77878788,72.90909091,58.86363636,71.26022727,67.36363636,70.58879038,68.45268273,15,5
2014R303,2014,3,5/04/2014,Adelaide Oval,1:40 PM,47426,Adelaide,71,Sydney,134,0,0,FALSE,FALSE,2,0,5,2,81,-34,13.93285714,41.00833333,73.97727273,78.20454545,66.89090909,77.64659091,68.36909785,75.64496905,11,4
2014R304,2014,3,5/04/2014,Carrara,3:40 PM,16593,Gold Coast,114,Brisbane Lions,61,0,2,FALSE,FALSE,0,0,2,1,-77,-37,6.225,-66.60416667,72.27272727,68.65909091,70.71590909,72.79621212,69.51558337,72.48636856,14,12
2014R305,2014,3,5/04/2014,Subiaco,4:40 PM,36448,West Coast,83,St Kilda,58,0,2,TRUE,TRUE,3,0,2,1,144,46,51.36604021,-6.4,65.15909091,65.75,74.16742424,69.9719697,71.56268996,70.35128041,13,16
2014R306,2014,3,5/04/2014,M.C.G.,7:40 PM,63152,Collingwood,76,Geelong,87,0,0,TRUE,TRUE,1,0,2,3,69,158,-19.11458333,28.91904762,59.84090909,74.25,68.05454545,74.26439394,71.987882,73.05144808,6,2
2014R307,2014,3,6/04/2014,Sydney Showground,1:10 PM,7016,Greater Western Sydney,79,Melbourne,47,0.2,2,FALSE,FALSE,2,0,1,3,1,56,12.46428571,21.76806527,71.54545455,67.56818182,75.92840909,65.84318182,72.94166771,67.81464766,18,17
2014R308,2014,3,6/04/2014,Docklands,4:10 PM,19111,North Melbourne,97,Port Adelaide,90,0,2,TRUE,TRUE,2,0,1,0,48,0,22.22222222,0,66,69.68181818,71.98257576,73.68409091,72.1905029,75.81314273,10,7
2014R309,2014,3,6/04/2014,M.C.G.,7:10 PM,62730,Essendon,138,Carlton,57,0,2,FALSE,FALSE,0,0,3,2,-40,-153,29.54309764,-49.38806818,62.56818182,63.25,72.70189394,72.26515152,74.59149802,72.10969627,9,8
2014R401,2014,4,11/04/2014,M.C.G.,7:50 PM,62100,Richmond,72,Collingwood,110,10.8,0,FALSE,FALSE,0,0,3,2,119,28,-6.916666667,-2.116666667,59.77272727,57.40909091,68.14848485,68.16363636,69.45474746,72.51934001,5,6
2014R402,2014,4,12/04/2014,M.C.G.,1:45 PM,37323,Carlton,58,Melbourne,81,0.6,0,FALSE,FALSE,0,0,5,2,86,-9,33.23865385,3.413690476,54.43181818,70.29545455,63.59431818,67.65,64.21220687,69.22043345,8,17
2014R403,2014,4,12/04/2014,Adelaide Oval,1:40 PM,36231,Port Adelaide,159,Brisbane Lions,46,0,2,FALSE,FALSE,0,0,3,5,180,235,7.850889851,11.37937729,67.68181818,67.59090909,72.99431818,71.6344697,74.4813359,70.51845862,7,12
2014R404,2014,4,12/04/2014,Manuka Oval,4:40 PM,7863,Greater Western Sydney,83,Western Bulldogs,110,0,0,TRUE,TRUE,2,1,3,3,184,54,37.27132937,14.99791667,65.72727273,69.43181818,70.00492424,69.35909091,68.29272186,69.2157974,18,15
2014R405,2014,4,12/04/2014,Kardinia Park,7:40 PM,25271,Geelong,107,West Coast,32,4.2,2,TRUE,TRUE,4,0,2,6,-309,292,-23.36666667,16.32336575,79.56818182,64.02272727,78.99318182,71.05454545,77.53278617,69.40758338,2,13
2014R406,2014,4,12/04/2014,Carrara,7:40 PM,17729,Gold Coast,49,Hawthorn,148,0,0,TRUE,TRUE,3,0,1,1,25,-229,67,-59.6969697,66.68181818,89.47727273,67.97727273,80.88181818,67.04288286,80.54488111,14,1
2014R407,2014,4,13/04/2014,S.C.G.,1:10 PM,25505,Sydney,48,North Melbourne,91,7.4,0,TRUE,TRUE,2,0,0,2,0,-232,0,3.731410256,79.52272727,65.22727273,77.85378788,72.12727273,75.60135518,72.98793792,4,10
2014R408,2014,4,13/04/2014,Docklands,3:20 PM,22923,St Kilda,50,Adelaide,136,0,0,FALSE,FALSE,2,0,2,1,86,-12,7.336742424,-16.51666667,66.84090909,75.22727273,69.50909091,70.33863636,70.33446118,71.53483908,16,11
2014R409,2014,4,13/04/2014,Subiaco,2:40 PM,36722,Fremantle,113,Essendon,60,0,2,FALSE,TRUE,3,0,5,3,45,575,13.87418803,59.07539683,66.34090909,58.04545455,66.30909091,66.74431818,69.22038066,69.42629766,3,9
2014R501,2014,5,17/04/2014,Gabba,7:50 PM,20676,Brisbane Lions,63,Richmond,106,0,0,FALSE,FALSE,3,0,3,1,68,9,45.10514601,-5.603174603,60.02272727,58,66.59166667,68.80681818,64.86911226,70.49755883,12,5
2014R502,2014,5,19/04/2014,M.C.G.,1:40 PM,57116,Collingwood,93,North Melbourne,58,2,2,TRUE,TRUE,0,0,0,1,0,81,0,2.133333333,57.40909091,66.81818182,67.71818182,72.63939394,72.53377277,73.42465447,6,10
2014R503,2014,5,19/04/2014,S.C.G.,4:40 PM,25376,Sydney,92,Fremantle,75,0,2,FALSE,TRUE,4,0,3,2,211,-168,0.422435897,-62.00865385,75.38636364,73.79545455,77.54242424,72.93636364,75.21290933,75.70251856,4,3
2014R504,2014,5,19/04/2014,Subiaco,5:40 PM,35366,West Coast,56,Port Adelaide,70,0,0,FALSE,TRUE,3,0,5,1,-298,-28,-20.15177553,-17.73529412,65.40909091,69.93181818,76.69545455,74.59545455,73.46193467,76.39707127,13,7
2014R505,2014,5,19/04/2014,Docklands,7:40 PM,36041,Essendon,65,St Kilda,81,2,0,FALSE,FALSE,0,0,4,5,-477,-39,-23.525,0.173051948,65.72727273,65.97727273,74.66818182,68.4875,76.8731518,69.76655502,9,16
2014R506,2014,5,20/04/2014,Adelaide Oval,12:40 PM,44770,Adelaide,137,Greater Western Sydney,72,0,2,TRUE,FALSE,2,0,2,3,190,155,-3.995833333,-16.69374416,78.27272727,68.93181818,72.18825758,72.75909091,74.2047444,70.90932045,11,18
2014R507,2014,5,20/04/2014,M.C.G.,3:20 PM,17243,Melbourne,78,Gold Coast,86,0,0,TRUE,FALSE,0,0,1,1,-25,-39,-9.958333333,-29.25,67.86363636,71.20454545,66.8625,70.13863636,69.22897699,68.77974232,17,14
2014R508,2014,5,20/04/2014,Docklands,4:40 PM,27986,Western Bulldogs,91,Carlton,119,0,0,TRUE,FALSE,0,0,3,4,141,-348,9.593277311,-21.2335836,69.04545455,63.09090909,69.14204545,73.29659091,69.65104034,73.00421973,15,8
2014R509,2014,5,21/04/2014,M.C.G.,3:20 PM,80222,Geelong,106,Hawthorn,87,0,2,TRUE,TRUE,0,1,1,3,39,-46,29.84615385,2.518048128,77.88636364,88.84090909,77.68863636,81.17045455,77.96333399,80.6566557,2,1
2014R601,2014,6,25/04/2014,M.C.G.,2:40 PM,91731,Collingwood,83,Essendon,60,0,2,TRUE,FALSE,0,0,0,3,0,57,0,-0.19668175,57.40909091,65.65909091,67.61363636,74.39848485,73.29564908,76.73285041,6,9
2014R602,2014,6,25/04/2014,Wellington,7:45 PM,13409,St Kilda,79,Brisbane Lions,82,0,0,TRUE,FALSE,0,3,1,5,140,-198,-2.75,19.46612745,66.52272727,57.86363636,69.35454545,63.42727273,70.40158273,61.84501173,16,12
2014R603,2014,6,25/04/2014,Subiaco,6:45 PM,37624,Fremantle,61,North Melbourne,74,0.2,0,FALSE,FALSE,3,0,2,4,67,195,25.18333333,8.451208514,68.59090909,64.47727273,69.40909091,70.7,73.1708001,71.54022616,3,10
2014R604,2014,6,26/04/2014,Carrara,1:40 PM,11504,Gold Coast,134,Greater Western Sydney,94,0,2,TRUE,FALSE,2,0,1,2,0,-133,41.125,24.55833333,69,65.52272727,68.32954545,69.20454545,67.33271054,68.34085654,14,18
2014R605,2014,6,26/04/2014,Docklands,4:40 PM,31005,Carlton,92,West Coast,89,0,2,TRUE,FALSE,4,0,6,3,79,357,13.12585072,-6.611111111,64.72727273,70.63636364,70.37954545,77.76818182,70.29308416,74.43229766,8,13
2014R606,2014,6,26/04/2014,M.C.G.,7:40 PM,24855,Melbourne,38,Sydney,69,0,0,FALSE,TRUE,2,0,3,1,-148,-322,-0.364850427,-31.69230769,66.34090909,78.06818182,66.45757576,79.15340909,69.02532807,77.17540085,17,4
2014R607,2014,6,27/04/2014,Docklands,1:10 PM,17404,Western Bulldogs,83,Adelaide,92,0,0,FALSE,TRUE,2,0,3,1,69,131,15.83658009,34.21428571,68.09090909,76.90909091,67.87272727,70.98371212,69.13616911,73.32073692,15,11
2014R608,2014,6,27/04/2014,M.C.G.,3:20 PM,52990,Richmond,52,Hawthorn,118,0,0,TRUE,FALSE,0,0,1,1,89,-182,34.45833333,0.05952381,60.54545455,88.72727273,69.28333333,80.03636364,70.51261519,79.18502048,5,1
2014R609,2014,6,27/04/2014,Adelaide Oval,4:10 PM,47007,Port Adelaide,107,Geelong,67,0,2,TRUE,TRUE,2,0,1,2,28,203,14,17.60833333,69.90909091,78.36363636,73.07272727,75.40037879,75.74251471,75.55752074,7,2
2014R701,2014,7,2/05/2014,M.C.G.,7:50 PM,68251,Carlton,70,Collingwood,104,0,0,TRUE,TRUE,0,0,2,4,228,396,8.863909774,-0.846371704,64.29545455,64.47727273,69.78636364,70.52272727,70.30234225,73.76503417,8,6
2014R702,2014,7,3/05/2014,M.C.G.,1:45 PM,32924,Hawthorn,175,St Kilda,30,2.6,2,TRUE,FALSE,0,0,3,5,41,-201,23.89847375,15.37082418,84.11363636,62.81818182,76.72954545,66.43522727,76.5243937,67.3887573,1,16
2014R703,2014,7,3/05/2014,Manuka Oval,2:10 PM,6549,Greater Western Sydney,97,Port Adelaide,132,0,0,FALSE,TRUE,2,1,5,3,93,-42,-25.96450674,20.52385621,69.56818182,64.90909091,77.61818182,69.36818182,74.81224077,73.02120902,18,7
2014R704,2014,7,3/05/2014,Adelaide Oval,4:10 PM,44216,Adelaide,67,Melbourne,70,11,0,TRUE,FALSE,2,0,0,0,0,0,0,0,75.40909091,67.56818182,70.13977273,66.31363636,72.87398197,69.15450651,11,17
2014R705,2014,7,3/05/2014,Docklands,7:40 PM,33289,Essendon,73,Western Bulldogs,65,2.6,2,FALSE,FALSE,0,0,2,4,-266,25,-24.75396825,-16.50138889,69.72727273,75.15909091,76.975,72.07272727,78.87076814,73.05418152,9,15
2014R706,2014,7,3/05/2014,Gabba,7:40 PM,17953,Brisbane Lions,44,Sydney,123,13.8,0,TRUE,TRUE,2,0,2,2,236,297,22.79926471,17.47321429,59.90909091,74.5,67.37272727,76.45909091,65.53022626,75.79070875,12,4
2014R707,2014,7,4/05/2014,Docklands,1:10 PM,19819,North Melbourne,77,Gold Coast,120,7,0,TRUE,TRUE,0,0,1,3,-33,14,-8.342105263,-41.85470085,65.72727273,72.27272727,71.01136364,73.69090909,72.06832088,73.68694931,10,14
2014R708,2014,7,4/05/2014,M.C.G.,3:20 PM,34377,Geelong,81,Richmond,76,7,2,FALSE,FALSE,0,1,2,4,-53,-327,-16.75145688,-14.6910987,74.15909091,67.27272727,76.38636364,71.62727273,76.48047896,73.07778286,2,5
2014R709,2014,7,4/05/2014,Subiaco,2:40 PM,40476,West Coast,54,Fremantle,73,0,0,FALSE,FALSE,0,0,3,2,-295,-36,8.404250842,-27.17485119,66.88636364,72.36363636,76.54393939,73.11818182,73.07264317,75.70729364,13,3
2014R801,2014,8,9/05/2014,Stadium Australia,7:50 PM,34506,Sydney,107,Hawthorn,88,0,2,TRUE,TRUE,2,0,2,4,-217,557,-25.28235294,6.653066378,77.72727273,85.15909091,79.34545455,76.16818182,78.74566924,76.57846463,4,1
2014R802,2014,8,10/05/2014,Adelaide Oval,1:10 PM,38234,Port Adelaide,94,Fremantle,76,17.4,2,TRUE,TRUE,3,0,4,2,-126,202,7.496006944,-19.24479167,64.56818182,72.97727273,67.24090909,75.24545455,71.72208219,78.02878728,7,3
2014R803,2014,8,10/05/2014,Gabba,4:40 PM,26522,Brisbane Lions,57,Essendon,65,0,0,FALSE,TRUE,3,0,4,3,-201,192,-21.83611111,25.60025063,63.13636364,65.68181818,71.625,73.05909091,69.24912945,75.167002,12,9
2014R804,2014,8,10/05/2014,M.C.G.,7:40 PM,36326,Melbourne,83,Western Bulldogs,99,12.4,0,TRUE,FALSE,0,0,1,3,-95,-227,-14.66666667,13.28287385,67.02272727,72.43181818,66.92272727,71.01969697,70.05337159,71.17375223,17,15
2014R805,2014,8,11/05/2014,Subiaco,2:40 PM,29391,West Coast,188,Greater Western Sydney,77,0.6,2,FALSE,FALSE,4,0,3,4,-205,-114,-22.50126263,23.62166474,67.5,68.52272727,79.37727273,73.51666667,75.74692805,70.39770345,13,18
2014R806,2014,8,12/05/2014,Docklands,7:20 PM,26708,St Kilda,69,Carlton,101,0,0,FALSE,FALSE,0,0,4,3,154,86,0.455709221,10.94642857,63.34090909,60.88636364,67.32272727,67.04090909,69.35297565,68.67544408,16,8
2014R901,2014,9,15/05/2014,Adelaide Oval,7:20 PM,50051,Adelaide,76,Collingwood,55,0,2,FALSE,TRUE,2,0,5,3,-115,-379,-2.519125458,3.454064454,74.20454545,57.25,71.33181818,67.39090909,73.38569605,73.47342175,11,6
2014R902,2014,9,16/05/2014,Docklands,7:50 PM,41098,Essendon,64,Sydney,114,0,0,TRUE,TRUE,2,0,2,1,133,121,9.351934524,65.95238095,68.56818182,72.77272727,73.70454545,75.70454545,76.17316416,75.86183777,9,4
2014R903,2014,9,17/05/2014,M.C.G.,1:40 PM,56910,Richmond,74,Melbourne,91,0,0,FALSE,FALSE,0,0,3,3,173,254,2.852083333,9.775,70.04545455,64.72727273,71.94090909,66.03636364,73.21077714,68.70079175,5,17
2014R904,2014,9,17/05/2014,Docklands,4:40 PM,21152,North Melbourne,125,Brisbane Lions,38,0,2,FALSE,FALSE,0,0,4,4,-73,352,-4.568497475,29.4752331,66.52272727,53.97727273,73.39280303,63.57386364,73.18968617,63.49446334,10,12
2014R905,2014,9,17/05/2014,Subiaco,5:40 PM,38565,Fremantle,96,Geelong,64,0,2,FALSE,TRUE,3,0,2,2,-51,-36,15.4800282,15.03224974,75.77272727,73.84090909,74.24090909,75.44090909,76.53474443,75.07643317,3,2
2014R906,2014,9,18/05/2014,Docklands,4:40 PM,14625,St Kilda,87,Gold Coast,125,0.2,0,FALSE,TRUE,0,0,1,2,91,-35,12.25,15.88645048,64.68181818,69.18181818,67.00795455,72.11818182,68.83965121,72.37070561,16,14
2014R1001,2014,10,23/05/2014,Kardinia Park,7:50 PM,27402,Geelong,111,North Melbourne,91,2.2,2,FALSE,TRUE,1,0,2,1,107,-96,33,44.375,60.95454545,43.95454545,60.95454545,43.95454545,60.95454545,43.95454545,2,10
2014R1002,2014,10,24/05/2014,Sydney Showground,1:40 PM,8331,Greater Western Sydney,41,Richmond,154,0.2,0,FALSE,FALSE,2,0,7,3,-139,-82,-3.313422292,26.56481481,56.20454545,61.52272727,56.20454545,61.52272727,56.20454545,61.52272727,18,5
2014R1003,2014,10,24/05/2014,M.C.G.,4:40 PM,53049,Collingwood,109,West Coast,101,0.2,2,FALSE,TRUE,4,0,2,1,-85,8,44.82352941,88,59.95454545,69.56818182,59.95454545,69.56818182,59.95454545,69.56818182,6,13
2014R1004,2014,10,24/05/2014,Adelaide Oval,7:10 PM,52233,Port Adelaide,100,Hawthorn,86,0,2,TRUE,FALSE,2,0,1,4,17,-3,-79.5,32.44848178,71.93181818,66.86363636,71.93181818,66.86363636,71.93181818,66.86363636,7,1
2014R1005,2014,10,25/05/2014,Carrara,3:20 PM,14235,Gold Coast,119,Western Bulldogs,74,0,2,TRUE,TRUE,3,0,1,5,34,70,50.63888889,20.3282906,62.75,56.75,62.75,56.75,62.75,56.75,14,15
2014R1006,2014,10,25/05/2014,M.C.G.,4:40 PM,32419,Carlton,81,Adelaide,76,0.8,2,TRUE,TRUE,2,0,1,1,-80,-8,17.45454545,18.28571429,46.68181818,52.52272727,46.68181818,52.52272727,46.68181818,52.52272727,8,11
2014R1101,2014,11,29/05/2014,S.C.G.,7:10 PM,37355,Sydney,148,Geelong,38,0,2,TRUE,TRUE,2,0,1,2,-122,153,-41.28571429,27.5,54.65909091,80.54545455,54.65909091,76.61363636,54.65909091,76.61363636,4,2
2014R1102,2014,11,30/05/2014,Docklands,7:50 PM,34855,St Kilda,54,Collingwood,140,0,0,FALSE,TRUE,0,0,2,4,-4,434,61.325,65.875,39.59090909,64.70454545,39.59090909,62.13636364,39.59090909,62.13636364,16,6
2014R1103,2014,11,31/05/2014,Traeger Park,1:10 PM,5655,Melbourne,75,Port Adelaide,95,0,0,TRUE,TRUE,3,4,2,3,-71,342,16.65992647,66.66666667,56.18181818,62.40909091,56.18181818,66.375,56.18181818,66.375,17,7
2014R1104,2014,11,31/05/2014,Gabba,4:40 PM,24625,Brisbane Lions,98,Carlton,91,0.6,2,FALSE,TRUE,3,0,6,2,-283,17,17.77190171,0.5,49.22727273,71.27272727,49.22727273,65.625,49.22727273,65.625,12,8
2014R1105,2014,11,31/05/2014,M.C.G.,7:45 PM,74664,Essendon,104,Richmond,54,0,2,FALSE,TRUE,0,0,3,1,-346,-37,-16.0242915,65.5,75.84090909,80.38636364,75.84090909,73.67045455,75.84090909,73.67045455,9,5
2014R1106,2014,11,1/06/2014,Adelaide Oval,12:40 PM,49069,Adelaide,109,Gold Coast,77,8.2,2,FALSE,TRUE,0,0,1,1,-60,49,0,-42,66.43181818,72.86363636,66.86363636,74.875,66.86363636,74.875,11,14
2014R1107,2014,11,1/06/2014,Docklands,3:20 PM,14913,Western Bulldogs,51,Fremantle,89,4.8,0,FALSE,TRUE,4,0,4,2,134,-199,38.125,39.71666667,61.25,67.40909091,62.14772727,67.40909091,62.14772727,67.40909091,15,3
2014R1108,2014,11,1/06/2014,M.C.G.,4:40 PM,17906,Hawthorn,94,Greater Western Sydney,87,4.8,2,FALSE,FALSE,2,0,3,4,145,140,22.16666667,23.5,73.86363636,56.88636364,77,60.32954545,77,60.32954545,1,18
2014R1109,2014,11,1/06/2014,Subiaco,5:40 PM,35914,West Coast,44,North Melbourne,82,1,0,FALSE,FALSE,3,0,2,2,64,-16,-35.25,-35,78.63636364,68.84090909,78.47727273,66.85227273,78.47727273,66.85227273,13,10
2014R1201,2014,12,6/06/2014,Docklands,7:50 PM,36952,Geelong,107,Carlton,102,2.2,2,FALSE,FALSE,0,1,3,2,-262,-225,11,3.25,60.15909091,75.40909091,70.20833333,71.47348485,70.20833333,71.47348485,2,8
2014R1202,2014,12,7/06/2014,York Park,1:40 PM,15504,Hawthorn,123,West Coast,79,1,2,TRUE,FALSE,4,4,4,3,-122,9,45.75,20.08333333,67.22727273,74.40909091,69.90151515,76.85227273,69.90151515,76.85227273,1,13
2014R1203,2014,12,7/06/2014,Adelaide Oval,4:10 PM,42374,Port Adelaide,129,St Kilda,59,0,2,TRUE,FALSE,2,0,5,4,44,232,3.25,7,63.79545455,62.15909091,65.39015152,66.36363636,65.39015152,66.36363636,7,16
2014R1204,2014,12,7/06/2014,Sydney Showground,7:40 PM,8429,Greater Western Sydney,66,Essendon,81,0,0,FALSE,TRUE,2,0,2,1,98,105,-3.875,0,75.45454545,82.97727273,70.31818182,82.70454545,70.31818182,82.70454545,18,9
2014R1205,2014,12,7/06/2014,Docklands,7:40 PM,18054,Western Bulldogs,87,Brisbane Lions,95,0.6,0,FALSE,TRUE,0,0,1,2,-54,-40,35,45,71.63636364,67.5,69.04166667,61.07954545,69.04166667,61.07954545,15,12
2014R1206,2014,12,8/06/2014,Carrara,3:20 PM,21354,Gold Coast,74,Sydney,109,0,0,FALSE,TRUE,2,0,3,0,-78,0,11.16666667,0,67.18181818,87.84090909,70.9280303,82.01136364,70.9280303,82.01136364,14,4
2014R1207,2014,12,8/06/2014,Subiaco,2:10 PM,35389,Fremantle,90,Adelaide,50,0,2,TRUE,TRUE,3,0,0,1,0,67,0,77.5,74.68181818,74.56818182,75.70454545,69.38257576,75.70454545,69.38257576,3,11
2014R1208,2014,12,8/06/2014,Docklands,7:10 PM,32977,North Melbourne,116,Richmond,88,0.8,2,TRUE,FALSE,0,0,1,5,67,207,51,17.75,76.88636364,62.11363636,69.16666667,68.6780303,69.16666667,68.6780303,10,5
2014R1209,2014,12,9/06/2014,M.C.G.,3:20 PM,68130,Melbourne,28,Collingwood,61,0,0,FALSE,TRUE,0,0,1,4,-72,-47,65.5,-0.875,72.90909091,79.75,72.15909091,76.65151515,72.15909091,76.65151515,17,6
2014R1301,2014,13,13/06/2014,M.C.G.,7:50 PM,49624,Carlton,90,Hawthorn,118,6.4,0,FALSE,TRUE,0,0,3,3,40,-153,24.83333333,19.44444444,66.43181818,73.02272727,67.52840909,75.00568182,67.52840909,75.00568182,8,1
2014R1302,2014,13,14/06/2014,M.C.G.,1:45 PM,22083,Richmond,85,Fremantle,105,0.2,0,FALSE,TRUE,4,0,4,2,-226,217,24.70833333,77.5,65.72727273,79.97727273,69.18181818,72.625,69.18181818,72.625,5,3
2014R1303,2014,13,14/06/2014,S.C.G.,2:10 PM,41317,Sydney,98,Port Adelaide,94,7,2,TRUE,TRUE,2,0,2,3,210,-406,80,-56.30555556,70.95454545,91.97727273,72.49621212,78.41098485,72.49621212,78.41098485,4,7
2014R1304,2014,13,14/06/2014,Subiaco,2:40 PM,32942,West Coast,103,Gold Coast,100,0,2,FALSE,FALSE,0,0,4,2,441,-5,55.14583333,-30.16666667,61.13636364,72.88636364,68.73863636,75.92045455,68.73863636,75.92045455,13,14
2014R1305,2014,13,14/06/2014,Adelaide Oval,7:10 PM,47205,Adelaide,109,North Melbourne,73,7.8,2,FALSE,TRUE,2,0,3,2,-255,-95,7.527777778,7.666666667,52.63636364,73.31818182,64.14015152,70.35037879,64.14015152,70.35037879,11,10
2014R1306,2014,13,14/06/2014,Gabba,7:40 PM,12700,Brisbane Lions,80,Greater Western Sydney,125,0.8,0,TRUE,FALSE,2,0,1,6,156,-241,25.75,5.416666667,72.04545455,74.52272727,70.14015152,70.34090909,70.14015152,70.34090909,12,18
2014R1307,2014,13,15/06/2014,Kardinia Park,1:10 PM,25180,Geelong,133,St Kilda,37,20.6,2,TRUE,FALSE,1,0,4,2,368,-79,40.60416667,-15.25,63.95454545,58.36363636,64.72159091,66.31060606,64.72159091,66.31060606,2,16
2014R1308,2014,13,15/06/2014,Docklands,3:20 PM,28339,Collingwood,98,Western Bulldogs,106,1.2,0,TRUE,FALSE,0,0,3,2,145,7,41.69444444,44.25,75.97727273,68.40909091,74.62121212,66.95833333,74.62121212,66.95833333,6,15
2014R1309,2014,13,15/06/2014,M.C.G.,4:40 PM,44626,Essendon,77,Melbourne,78,1.2,0,TRUE,FALSE,0,0,3,3,372,-42,40.75,42.5,66.54545455,65.36363636,73.60227273,67.40151515,73.60227273,67.40151515,9,17
2014R1401,2014,14,20/06/2014,M.C.G.,7:50 PM,34648,Richmond,51,Sydney,62,0,0,FALSE,TRUE,2,0,2,2,87,65,-40.14583333,28.16666667,78.15909091,73.31818182,77.23030303,72.11363636,77.23030303,72.11363636,5,4
2014R1402,2014,14,21/06/2014,Adelaide Oval,1:15 PM,34258,Port Adelaide,128,Western Bulldogs,56,4.6,2,FALSE,TRUE,2,0,3,1,168,-17,20.55555556,-18.625,79.43181818,78.34090909,76.37840909,75.4155303,76.37840909,75.4155303,7,15
2014R1403,2014,14,21/06/2014,M.C.G.,2:10 PM,70516,Hawthorn,115,Collingwood,86,0.6,2,TRUE,FALSE,0,0,2,1,-245,-85,2.520833333,-37.79166667,70.31818182,77.11363636,74.58863636,77.52348485,74.58863636,77.52348485,1,6
2014R1404,2014,14,21/06/2014,Carrara,4:40 PM,18236,Gold Coast,118,Geelong,78,0,2,FALSE,TRUE,3,0,1,6,39,-410,47.83333333,-12.54861111,67.36363636,85.68181818,71.97121212,72.38598485,71.97121212,72.38598485,14,2
2014R1405,2014,14,21/06/2014,Subiaco,5:40 PM,25152,Fremantle,105,Brisbane Lions,22,0.2,2,TRUE,FALSE,0,0,1,3,-56,141,47.16666667,46.88888889,63.61363636,60.09090909,69.99810606,62.45075758,69.99810606,62.45075758,3,12
2014R1406,2014,14,21/06/2014,Docklands,7:40 PM,30948,Essendon,101,Adelaide,92,0.6,2,FALSE,TRUE,2,0,2,1,-103,-10,45.41666667,-53.875,70.54545455,73.81818182,70.99621212,70.7780303,70.99621212,70.7780303,9,11
2014R1407,2014,14,22/06/2014,Sydney Showground,1:10 PM,9059,Greater Western Sydney,100,Carlton,92,0.6,2,TRUE,FALSE,2,0,3,3,102,-76,28.25,-13.70833333,73.81818182,72.5,70.09810606,73.9375,70.09810606,73.9375,18,8
2014R1408,2014,14,22/06/2014,Docklands,3:20 PM,17317,St Kilda,70,West Coast,103,0.2,0,FALSE,TRUE,4,0,4,1,61,-38,21.6875,8.125,59.5,81.43181818,62.51893939,75.75075758,62.51893939,75.75075758,16,13
2014R1409,2014,14,22/06/2014,M.C.G.,4:40 PM,26615,Melbourne,66,North Melbourne,107,0.2,0,TRUE,FALSE,0,0,0,2,0,75,0,-4.375,74.79545455,70.11363636,74.18939394,70.52159091,74.18939394,70.52159091,17,10
2014R1501,2014,15,27/06/2014,Docklands,7:50 PM,43732,Geelong,89,Essendon,80,0,2,FALSE,TRUE,0,1,4,4,132,-180,13.16875,-37.44791667,68.90909091,78.59090909,75.51060606,81.07234848,75.36439394,81.07234848,2,9
2014R1502,2014,15,28/06/2014,York Park,1:45 PM,13178,Hawthorn,116,Gold Coast,63,9,2,TRUE,TRUE,0,4,1,1,-66,46,-47.5,69.3,80.72727273,76.02272727,79.14242424,70.35037879,80.04772727,71.10340909,1,14
2014R1503,2014,15,28/06/2014,Docklands,2:10 PM,28487,St Kilda,73,Richmond,117,0,0,FALSE,FALSE,0,0,3,2,-72,-158,-11.06944444,-5.4375,70.54545455,77.52272727,67.98409091,78.70113636,67.98409091,77.58522727,16,5
2014R1504,2014,15,28/06/2014,Subiaco,2:40 PM,40490,Fremantle,88,West Coast,81,0,2,TRUE,TRUE,0,0,1,2,36,-299,31,28.0125,79.11363636,70.18181818,72.17840909,73.17727273,72.17840909,73.34621212,3,13
2014R1505,2014,15,28/06/2014,Gabba,7:40 PM,15862,Brisbane Lions,70,North Melbourne,66,0,2,FALSE,TRUE,3,0,4,2,-243,165,-16.22916667,65.1375,59.34090909,77.09090909,64.21439394,70.81590909,64.21439394,69.00681818,12,10
2014R1506,2014,15,28/06/2014,S.C.G.,7:40 PM,27778,Sydney,106,Greater Western Sydney,60,0,2,TRUE,TRUE,0,0,2,1,-37,-45,-6.229166667,-55.625,74.06818182,77.70454545,75.0155303,73.99848485,75.0155303,72.95681818,4,18
2014R1507,2014,15,29/06/2014,Docklands,1:10 PM,24953,Western Bulldogs,91,Melbourne,85,2.4,2,FALSE,FALSE,0,0,5,4,551,277,32.625,22.25,62.5,62.54545455,66.44280303,67.70037879,66.46931818,67.70037879,15,17
2014R1508,2014,15,29/06/2014,Adelaide Oval,3:40 PM,50552,Adelaide,99,Port Adelaide,76,1.2,2,FALSE,TRUE,0,0,4,2,203,50,39.33125,-49.575,70.18181818,82.90909091,65.35113636,81.60568182,64.93371212,81.72765152,11,7
2014R1509,2014,15,29/06/2014,M.C.G.,7:10 PM,40939,Collingwood,91,Carlton,76,2.4,2,FALSE,FALSE,0,0,3,2,-206,36,-0.008333333,3,71.29545455,68.59090909,76.73143939,73.48295455,75.85037879,72.18901515,6,8
2014R1601,2014,16,4/07/2014,Docklands,7:50 PM,35025,North Melbourne,108,Hawthorn,88,0,2,FALSE,TRUE,0,0,4,2,-209,-94,12.66666667,27.5,65.06818182,75.97727273,69.62954545,75.69090909,67.26298701,77.01504329,10,1
2014R1602,2014,16,5/07/2014,M.C.G.,1:45 PM,34577,Richmond,79,Brisbane Lions,54,0.2,2,TRUE,TRUE,0,0,3,1,12,102,55.38333333,68.775,74.20454545,76.5,69.74962121,66.57840909,70.22321429,65.2094697,5,12
2014R1603,2014,16,5/07/2014,Sydney Showground,2:10 PM,8383,Greater Western Sydney,72,Adelaide,140,0,0,FALSE,TRUE,2,0,3,4,266,-68,1.938888889,-1.933333333,72.70454545,70.40909091,74.62840909,70.90454545,72.92819264,70.28528139,18,11
2014R1604,2014,16,5/07/2014,Carrara,4:40 PM,24032,Gold Coast,80,Collingwood,75,1.2,2,FALSE,TRUE,3,0,2,3,68,288,24.275,1.344444444,63.45454545,76.36363636,68.77916667,78.02386364,69.38079004,77.13284632,14,6
2014R1605,2014,16,5/07/2014,Adelaide Oval,7:10 PM,46786,Port Adelaide,60,Essendon,62,3.8,0,FALSE,FALSE,2,0,3,2,-61,286,35.42222222,14.8125,69.45454545,71.09090909,77.01590909,75.89318182,75.72922078,76.66515152,7,9
2014R1606,2014,16,5/07/2014,Marrara Oval,7:10 PM,9290,Melbourne,34,Fremantle,97,0,0,FALSE,TRUE,3,4,2,3,-45,173,-22.2375,38.42222222,73.29545455,70.61363636,70.81931818,67.83636364,70.99810606,67.52121212,17,3
2014R1607,2014,16,6/07/2014,Docklands,1:10 PM,29297,Carlton,151,St Kilda,66,0.6,2,FALSE,FALSE,0,0,2,5,150,24,9.3,26.07,66.68181818,65.5,71.36212121,62.5405303,71.62316017,63.10189394,8,16
2014R1608,2014,16,6/07/2014,Subiaco,1:20 PM,25076,West Coast,51,Sydney,79,1.2,0,FALSE,TRUE,4,0,3,1,169,88,11.08333333,45.25,69.86363636,73.88636364,72.7844697,73.79810606,74.14929654,72.69583333,13,4
2014R1609,2014,16,6/07/2014,Kardinia Park,4:40 PM,24766,Geelong,69,Western Bulldogs,56,0.4,2,TRUE,TRUE,1,0,2,3,147,-177,10.4,-13.83888889,74.36363636,68.54545455,72.31363636,70.84431818,73.25021645,70.466829,2,15
2014R1701,2014,17,11/07/2014,Adelaide Oval,7:20 PM,50321,Adelaide,92,Hawthorn,104,0.2,0,TRUE,FALSE,2,0,1,3,-11,493,18.91666667,-0.388888889,76.52272727,67.54545455,72.76363636,74.32348485,73.71333874,75.7650974,11,1
2014R1702,2014,17,12/07/2014,M.C.G.,1:45 PM,36385,Melbourne,36,Geelong,102,5.2,0,FALSE,TRUE,1,0,3,1,-79,-242,11.63888889,-64.28571429,64.68181818,81.70454545,68.10984848,77.26136364,68.67965368,76.49810606,17,2
2014R1703,2014,17,12/07/2014,Bellerive Oval,2:10 PM,10641,North Melbourne,92,St Kilda,33,0,2,TRUE,FALSE,2,2,2,4,7,-393,-7.43452381,-14.2375,80.59090909,61,72.33712121,63.75340909,71.2405303,64.77765152,10,16
2014R1704,2014,17,12/07/2014,Cazaly's Stadium,4:40 PM,9746,Western Bulldogs,94,Gold Coast,66,0,2,FALSE,TRUE,0,3,2,2,283,160,31.40714286,70.46428571,63.40909091,69.43181818,67.375,62.64318182,67.79117965,64.41298701,15,14
2014R1705,2014,17,12/07/2014,S.C.G.,7:40 PM,34965,Sydney,122,Carlton,51,0,2,TRUE,TRUE,2,0,1,2,2,140,50.75,18.97142857,76.04545455,80.84090909,72.03674242,71.59886364,71.44983766,71.99174784,4,8
2014R1706,2014,17,12/07/2014,Gabba,7:40 PM,13610,Brisbane Lions,64,West Coast,76,0,0,FALSE,FALSE,4,0,1,6,46,616,74.58333333,44.95079365,63.52272727,57.79545455,63.61439394,62.74204545,62.63625541,63.58809524,12,13
2014R1707,2014,17,13/07/2014,Docklands,1:10 PM,21483,Richmond,126,Port Adelaide,106,3.6,2,TRUE,FALSE,2,0,3,2,-47,288,-23.42698413,-20.75833333,78.36363636,73.18181818,75.01439394,82.36666667,74.36561147,80.59090909,5,7
2014R1708,2014,17,13/07/2014,M.C.G.,3:20 PM,58996,Essendon,103,Collingwood,39,3.6,2,TRUE,FALSE,0,0,2,3,-99,-429,36.29166667,10.6,70.56818182,67.93181818,71.31060606,74.55606061,73.12424242,75.23871753,9,6
2014R1709,2014,17,13/07/2014,Subiaco,2:40 PM,33597,Fremantle,136,Greater Western Sydney,60,0,2,TRUE,FALSE,4,0,2,5,-133,90,-15.85,51.41666667,77.20454545,54.40909091,74.80492424,65.11136364,73.29734848,63.91328463,3,18
2014R1801,2014,18,18/07/2014,Docklands,7:50 PM,36689,Carlton,109,North Melbourne,86,3,2,FALSE,TRUE,0,0,4,3,56,-51,16.94122024,-9.919642857,65.65909091,80.5,67.24242424,76.69545455,67.85687229,74.18544372,8,10
2014R1802,2014,18,19/07/2014,Docklands,4:40 PM,16594,St Kilda,118,Fremantle,60,0.8,2,FALSE,TRUE,4,0,3,4,10,-34,9.388888889,-1.03125,65.68181818,76.59090909,66.90606061,75.14318182,67.64469697,74.07962662,16,3
2014R1803,2014,18,19/07/2014,Sydney Showground,7:40 PM,7697,Greater Western Sydney,87,Geelong,94,0,0,FALSE,TRUE,2,0,4,2,-221,-92,-24.390625,-9.320833333,69.27272727,79.40909091,70.87083333,80.30568182,69.79423701,78.51052489,18,2
2014R1804,2014,18,20/07/2014,Adelaide Oval,12:40 PM,37894,Port Adelaide,72,Melbourne,69,0,2,FALSE,FALSE,2,0,3,2,-166,28,35.94603175,57.3047619,69.45454545,57.95454545,74.62954545,63.78181818,74.72209596,64.81109307,7,17
2014R1805,2014,18,20/07/2014,Docklands,4:40 PM,34476,Western Bulldogs,94,Essendon,101,0,0,TRUE,TRUE,0,0,2,2,-393,-185,-27.10833333,-42.58928571,81.90909091,89.70454545,72.75681818,77.5375,73.28698593,78.44775433,15,9
2014R1806,2014,18,25/07/2014,Subiaco,6:40 PM,32270,West Coast,42,Richmond,59,1.4,0,TRUE,TRUE,3,0,4,2,-504,127,-10.1577381,22.20833333,73.68181818,69.06818182,70.91818182,76.13636364,71.05114538,75.05381494,13,5
2014R1807,2014,18,26/07/2014,Gabba,4:40 PM,27167,Brisbane Lions,110,Gold Coast,56,0,2,FALSE,FALSE,0,0,2,3,-39,236,-7.428571429,19.69246032,70.56818182,57.38636364,65.38219697,59.95757576,64.69629329,61.34575216,12,14
2014R1808,2014,18,26/07/2014,M.C.G.,7:40 PM,72768,Hawthorn,104,Sydney,94,0.8,2,TRUE,TRUE,2,0,3,1,-106,-105,15.44007937,-22.5,74.77272727,82.72727273,72.7280303,77.19545455,74.45395924,75.29556277,1,4
2014R1809,2014,18,27/07/2014,M.C.G.,4:40 PM,41486,Collingwood,82,Adelaide,98,1.8,0,FALSE,FALSE,2,0,5,3,632,471,37.08035714,-4.538690476,53.22727273,76.75,63.61704545,75.96704545,65.20138889,74.30690837,6,11
2014R1901,2014,19,31/07/2014,Subiaco,6:10 PM,35401,Fremantle,83,Carlton,78,1.6,2,FALSE,TRUE,3,0,4,3,-291,-115,-50.09479167,9.375,73.88636364,77.86363636,82.61136364,72.07575758,80.58611111,72.44908009,3,8
2014R1902,2014,19,1/08/2014,S.C.G.,7:50 PM,36804,Sydney,79,Essendon,57,0,2,FALSE,TRUE,2,0,2,1,32,-8,37.0375,32.95833333,65.18181818,71.45454545,72.38295455,75.75265152,71.56491703,76.34629329,4,9
2014R1903,2014,19,2/08/2014,Adelaide Oval,1:10 PM,49470,Adelaide,105,West Coast,136,1.6,0,TRUE,FALSE,3,0,1,4,-226,147,-14.11111111,3.943452381,73.11363636,74.25,75.83409091,70.52651515,74.32272727,71.07037338,11,13
2014R1904,2014,19,2/08/2014,M.C.G.,4:40 PM,23095,Richmond,89,Greater Western Sydney,62,11.2,2,TRUE,FALSE,2,0,2,3,38,-31,-1.209821429,22.4047619,68.43181818,63.93181818,74.6125,67.45189394,74.63639069,67.23569625,5,18
2014R1905,2014,19,2/08/2014,Docklands,7:40 PM,32564,North Melbourne,79,Geelong,111,11.2,0,FALSE,TRUE,1,0,1,2,77,25,-11.02380952,-4.763888889,65.93181818,82.25,75.96818182,79.67954545,74.05916306,79.17123016,10,2
2014R1906,2014,19,2/08/2014,Carrara,7:40 PM,12027,Gold Coast,117,St Kilda,64,0,2,FALSE,TRUE,3,0,4,1,-115,-75,7.864583333,-18.08333333,61.20454545,88.54545455,61.5125,73.57386364,61.43315296,71.75512266,14,16
2014R1907,2014,19,3/08/2014,Docklands,1:10 PM,18079,Melbourne,51,Brisbane Lions,74,0,0,FALSE,TRUE,0,0,1,0,50,0,28.95833333,0,64.93181818,83.86363636,63.75681818,73.96818182,65.95718795,71.29425505,17,12
2014R1908,2014,19,3/08/2014,York Park,3:20 PM,14187,Hawthorn,107,Western Bulldogs,45,0,2,TRUE,FALSE,4,4,3,3,54,-34,26.98611111,1.898148148,70.54545455,67.68181818,70.65113636,71.47045455,71.90195707,72.73798701,1,15
2014R1909,2014,19,3/08/2014,M.C.G.,4:40 PM,32807,Collingwood,76,Port Adelaide,70,0,2,FALSE,TRUE,2,0,3,3,79,5,24.05833333,4.445833333,65,72.59090909,64.16212121,72.30681818,66.47148268,74.78869949,6,7
2014R2001,2014,20,8/08/2014,M.C.G.,7:50 PM,58032,Richmond,95,Essendon,77,3.4,2,TRUE,FALSE,0,0,2,4,-104,376,1.4625,22.26954365,74.13636364,64.04545455,74.42613636,71.42727273,74.56506543,71.06887708,5,9
2014R2002,2014,20,9/08/2014,Manuka Oval,1:45 PM,10211,Greater Western Sydney,51,North Melbourne,126,0,0,FALSE,FALSE,2,1,2,3,197,113,-0.817857143,43.39814815,71.52272727,63.11363636,68.55075758,68.14886364,69.49092057,67.93710809,18,10
2014R2003,2014,20,9/08/2014,Docklands,2:10 PM,28840,Carlton,97,Gold Coast,58,0,2,FALSE,TRUE,0,0,2,2,81,-50,24.51666667,-23.89285714,65.5,71.68181818,69.33522727,66.76818182,69.19628919,67.80973124,8,14
2014R2004,2014,20,9/08/2014,M.C.G.,4:40 PM,37088,Hawthorn,115,Melbourne,65,0,2,TRUE,FALSE,0,0,3,5,-254,-56,-31.63383838,-6.465555556,75.56818182,67.38636364,74.55113636,66.62954545,75.53807884,67.78055802,1,17
2014R2005,2014,20,9/08/2014,Adelaide Oval,7:10 PM,50087,Port Adelaide,58,Sydney,84,0,0,FALSE,TRUE,2,0,3,3,-32,-236,-9.965277778,-47.47222222,69.81818182,83.27272727,72.20795455,80.95454545,76.90886708,78.15829972,7,4
2014R2006,2014,20,9/08/2014,Kardinia Park,7:40 PM,26885,Geelong,81,Fremantle,79,0,2,TRUE,TRUE,4,0,1,2,-99,185,-20.30555556,74.52777778,75.25,67.95454545,80.98636364,72.73863636,79.75298439,72.78194526,2,3
2014R2007,2014,20,10/08/2014,Gabba,1:10 PM,19657,Brisbane Lions,63,Adelaide,168,0,0,TRUE,FALSE,3,0,3,3,258,335,16.68333333,19.26759259,72.63636364,68.40909091,74.89318182,72.04621212,69.46373967,71.15385019,12,11
2014R2008,2014,20,10/08/2014,Docklands,3:20 PM,30095,St Kilda,99,Western Bulldogs,122,2.2,0,FALSE,FALSE,0,0,2,1,-89,-41,2.147321429,23.90909091,68.02272727,65.79545455,72.41969697,70.67424242,71.00790863,72.10387725,16,15
2014R2009,2014,20,10/08/2014,Subiaco,2:40 PM,36458,West Coast,126,Collingwood,66,0,2,TRUE,TRUE,3,0,1,3,-160,-218,9.631944444,8.323989899,74.81818182,74.25,70.15340909,68.71818182,71.66284435,69.2512864,13,6
2014R2101,2014,21,15/08/2014,Docklands,7:50 PM,38812,Carlton,76,Geelong,82,0,0,TRUE,TRUE,1,0,1,3,44,493,34.01818182,65.99722222,78.09090909,73.93181818,72.62424242,72.975,71.74007609,70.84394482,8,2
2014R2102,2014,21,16/08/2014,S.C.G.,1:45 PM,31361,Sydney,127,St Kilda,56,0,2,TRUE,FALSE,2,0,2,3,341,10,70.3015873,-5.076388889,64.31818182,72.22727273,72.65,73.57840909,70.86395202,72.03620212,4,16
2014R2103,2014,21,16/08/2014,Carrara,2:10 PM,10042,Gold Coast,47,Port Adelaide,56,1.8,0,FALSE,FALSE,3,0,4,3,174,32,34.14236111,-2.704166667,58.88636364,77.02272727,62.125,74.27424242,61.56679911,77.73183363,14,7
2014R2104,2014,21,16/08/2014,Docklands,4:40 PM,35905,Essendon,77,West Coast,74,0.6,2,FALSE,TRUE,4,0,4,1,-169,97,-28.69005682,46.58333333,72.13636364,86.29545455,75.50795455,72.56818182,76.34080087,71.34930909,9,13
2014R2105,2014,21,16/08/2014,Adelaide Oval,7:10 PM,50459,Adelaide,69,Richmond,79,0,0,TRUE,TRUE,2,0,2,1,-8,94,5.638888889,49.84722222,81.84090909,73.20454545,74.31022727,72.09431818,71.72912958,72.58300475,11,5
2014R2106,2014,21,16/08/2014,M.C.G.,7:40 PM,32929,Collingwood,56,Brisbane Lions,123,0.6,0,FALSE,FALSE,0,0,4,1,-157,-18,4.160168651,17.55555556,64.34090909,63.5,67.54166667,71.39242424,69.26297989,69.32869605,6,12
2014R2107,2014,21,17/08/2014,Docklands,1:10 PM,27164,North Melbourne,111,Western Bulldogs,61,0.8,2,TRUE,TRUE,0,0,2,3,-241,-236,-48.53282828,24.16337181,79.47727273,66.04545455,74.51212121,66.55075758,73.36309732,68.84296581,10,15
2014R2108,2014,21,17/08/2014,M.C.G.,3:20 PM,17227,Melbourne,34,Greater Western Sydney,98,0.8,0,FALSE,FALSE,2,0,2,3,-20,13,-15.15530303,38.08333333,69.77272727,63.36363636,67.36818182,63.10681818,69.97865342,64.41000262,17,18
2014R2109,2014,21,17/08/2014,Subiaco,2:40 PM,38506,Fremantle,110,Hawthorn,91,0,2,FALSE,TRUE,3,0,4,3,375,-48,4.090746753,9.688311688,71.36363636,78.43181818,74.58636364,73.74545455,76.49115014,74.49017517,3,1
2014R2201,2014,22,22/08/2014,Adelaide Oval,7:20 PM,52505,Port Adelaide,140,Carlton,37,0,2,TRUE,FALSE,2,0,2,3,-133,295,5.163194444,37.56634615,74.45454545,66.63636364,74.34356061,66.82840909,77.43800127,66.54998266,7,8
2014R2202,2014,22,23/08/2014,Bellerive Oval,1:45 PM,10702,North Melbourne,101,Adelaide,94,0,2,TRUE,FALSE,2,2,2,3,551,-366,19.80576923,-5.912121212,78.81818182,67.38636364,73.45,73.66363636,72.48911644,72.17308083,10,11
2014R2203,2014,22,23/08/2014,Docklands,2:10 PM,33281,Essendon,108,Gold Coast,89,0,2,TRUE,FALSE,0,0,2,3,108,-8,25.60984848,19.50707071,74.47727273,60.54545455,75.04090909,60.34318182,75.76917382,60.88832922,9,14
2014R2204,2014,22,23/08/2014,Sydney Showground,4:40 PM,10851,Greater Western Sydney,67,Collingwood,75,0,0,TRUE,FALSE,2,0,3,6,-25,412,33.34259259,4.624105062,83.29545455,68.52272727,67.89090909,65.16969697,67.32778175,68.11822407,18,6
2014R2205,2014,22,23/08/2014,Subiaco,5:40 PM,35083,West Coast,119,Melbourne,53,0,2,FALSE,FALSE,3,0,2,3,-22,-17,16.0625,-3.078282828,70.81818182,66.52272727,72.7,67.92613636,70.03050561,70.43209234,13,17
2014R2206,2014,22,23/08/2014,M.C.G.,7:40 PM,72216,Hawthorn,94,Geelong,71,0,2,FALSE,TRUE,1,0,4,3,-240,-245,-21.58944354,-20.41416084,69.54545455,71.02272727,78.40340909,75.76704545,78.13354701,75.33062865,1,2
2014R2207,2014,22,24/08/2014,Gabba,1:10 PM,17473,Brisbane Lions,48,Fremantle,106,6,0,TRUE,TRUE,4,0,1,4,-191,43,17.15,14.36090368,81.88636364,71,74.73522727,72.51515152,70.28994831,74.19501635,12,3
2014R2208,2014,22,24/08/2014,Docklands,3:20 PM,22430,Western Bulldogs,67,Sydney,130,0.8,0,FALSE,TRUE,2,0,4,3,200,-14,9.880689103,6.179292929,63.25,84.27272727,65.97272727,76.64886364,66.62065718,74.8295674,15,4
2014R2209,2014,22,24/08/2014,M.C.G.,4:40 PM,47200,Richmond,98,St Kilda,72,0.8,2,TRUE,FALSE,0,0,1,3,37,50,33.36538462,33.96891534,73.22727273,64.72727273,71.07727273,67.46060606,71.52311949,67.28847535,5,16
2014R2301,2014,23,29/08/2014,M.C.G.,7:50 PM,48980,Collingwood,56,Hawthorn,121,0,0,TRUE,TRUE,0,0,3,4,209,322,27.40952381,29.5071772,68.75,71.36363636,65.66704545,72.72954545,67.30014569,72.95458153,6,1
2014R2302,2014,23,30/08/2014,M.C.G.,1:45 PM,56663,Carlton,90,Essendon,90,0,1,FALSE,TRUE,0,0,4,3,-91,-7,7.274038462,-0.733916084,59.34090909,82.45454545,64.29924242,74.49090909,64.70921389,76.36983572,8,9
2014R2303,2014,23,30/08/2014,Subiaco,1:10 PM,38209,Fremantle,105,Port Adelaide,97,51.2,2,TRUE,TRUE,3,0,2,1,-239,37,-34.48269231,23.85606061,83.18181818,83.15909091,75.70075758,74.90909091,78.19901746,76.99854993,3,7
2014R2304,2014,23,30/08/2014,Stadium Australia,4:40 PM,31227,Sydney,65,Richmond,68,0.6,0,TRUE,TRUE,2,0,3,1,255,-100,47.68646076,-66.95714286,70.27272727,83.70454545,69.02045455,75.17727273,68.21386114,75.31500267,4,5
2014R2305,2014,23,30/08/2014,Kardinia Park,7:40 PM,24659,Geelong,143,Brisbane Lions,81,0,2,FALSE,FALSE,0,0,5,6,174,397,17.46113636,30.86649045,72.68181818,60.20454545,71.91136364,63.52272727,71.65427792,61.38323495,2,12
2014R2306,2014,23,30/08/2014,Docklands,7:40 PM,17174,North Melbourne,123,Melbourne,93,0,2,TRUE,FALSE,0,0,5,3,187,68,28.04398102,16.75108225,69.02272727,65.86363636,66.89469697,67.66893939,66.60021986,68.33357917,10,17
2014R2307,2014,23,31/08/2014,Carrara,1:10 PM,11840,Gold Coast,99,West Coast,151,0,0,FALSE,TRUE,4,0,2,4,-99,135,-3.274038462,-13.15476399,66.29545455,80,63.56818182,78.14545455,62.77044944,74.89389436,14,13
2014R2308,2014,23,31/08/2014,Adelaide Oval,2:50 PM,44969,Adelaide,141,St Kilda,62,0,2,FALSE,FALSE,2,0,4,2,-222,-21,-2.951076007,-0.28125,68.93181818,62.97727273,72.74659091,68.39659091,72.74010573,68.64599737,11,16
2014R2309,2014,23,31/08/2014,Docklands,4:40 PM,14725,Western Bulldogs,109,Greater Western Sydney,115,0,0,FALSE,FALSE,2,0,3,5,-112,-40,-7.107448107,18.3642735,70,68.95454545,68.00151515,65.90454545,67.65126288,63.91425658,15,18
2014QF01,2014,24,5/09/2014,M.C.G.,7:50 PM,74757,Hawthorn,104,Geelong,68,0,2,TRUE,TRUE,1,0,3,3,-288,-375,-25.51071429,-42.75631808,2.795454545,81.40909091,50.77727273,79.27613636,71.44396257,78.49853972,1,2
2014QF02,2014,24,6/09/2014,Stadium Australia,2:45 PM,35998,Sydney,93,Fremantle,69,4.4,2,FALSE,TRUE,4,0,5,2,-656,157,-36.65393218,-7.886111111,0,77.90909091,50.22272727,76.35454545,71.87342978,76.44160402,4,3
2014EF01,2014,24,6/09/2014,M.C.G.,7:15 PM,78561,North Melbourne,93,Essendon,81,0,2,TRUE,FALSE,0,0,5,2,-321,-67,-31.28589589,-18.39366516,73.20454545,74.65909091,77.05075758,76.86590909,75.03081584,78.3390155,10,9
2014EF02,2014,24,7/09/2014,Adelaide Oval,2:50 PM,49886,Port Adelaide,132,Richmond,75,0,2,FALSE,TRUE,2,0,1,0,-38,0,-16.27272727,0,71.61363636,71.31818182,75.69090909,75.94545455,78.06056537,74.99701355,7,5
2014SF01,2014,25,12/09/2014,M.C.G.,7:50 PM,65964,Geelong,92,North Melbourne,98,0,0,FALSE,TRUE,0,1,2,1,339,-337,44.31781046,-51.13690476,5.5,0,60.81818182,48.78181818,70.45512834,68.25059702,2,10
2014SF02,2014,25,13/09/2014,Subiaco,5:45 PM,42338,Fremantle,83,Port Adelaide,105,0.4,0,FALSE,TRUE,3,0,2,0,-68,0,-2.651180837,0,5.431818182,0,61.71818182,46.14090909,72.53516284,69.791353,3,7
2014PF01,2014,26,19/09/2014,Stadium Australia,7:50 PM,48029,Sydney,136,North Melbourne,65,0,2,TRUE,TRUE,2,0,0,1,0,17,0,3.838461538,0,3.954545455,65.02272727,64.09886364,75.54219373,72.17254372,4,10
2014PF02,2014,26,20/09/2014,M.C.G.,4:45 PM,74856,Hawthorn,97,Port Adelaide,94,0,2,TRUE,TRUE,2,0,1,0,124,0,-0.244949495,0,7.613636364,0,65.48636364,60.85909091,75.25271161,73.63437381,1,7
2014GF01,2014,27,27/09/2014,M.C.G.,2:30 PM,99454,Sydney,74,Hawthorn,137,0,0,TRUE,TRUE,0,2,0,2,0,-184,0,-16.92121941,82.56818182,88.11363636,80.96818182,81.39545455,79.62030559,80.76535888,4,1
